file_id,age
image_0.jpg,57.16188431
image_1.jpg,47.10748291
image_10.jpg,40.22703171
image_100.jpg,44.29271317
image_1000.jpg,18.36635208
image_1001.jpg,27.76054573
image_1002.jpg,78.5639267
image_1003.jpg,32.31651688
image_1004.jpg,41.60932922
image_1005.jpg,71.40396118
image_1006.jpg,49.99835205
image_1007.jpg,56.32770538
image_1008.jpg,66.78189087
image_1009.jpg,39.0831604
image_101.jpg,57.46580505
image_1010.jpg,43.5463562
image_1011.jpg,15.37663364
image_1012.jpg,85.83701324
image_1013.jpg,68.19895935
image_1014.jpg,52.77075195
image_1015.jpg,28.06887245
image_1016.jpg,59.78765488
image_1017.jpg,47.07673264
image_1018.jpg,23.27731514
image_1019.jpg,42.93787003
image_102.jpg,36.01430893
image_1020.jpg,33.8380127
image_1021.jpg,9.370617867
image_1022.jpg,2.587831497
image_1023.jpg,27.80007553
image_1024.jpg,34.56235504
image_1025.jpg,62.88080215
image_1026.jpg,11.87610531
image_1027.jpg,3.720751762
image_1028.jpg,28.74292564
image_1029.jpg,23.9864006
image_103.jpg,25.35339546
image_1030.jpg,58.4794693
image_1031.jpg,1.785009742
image_1032.jpg,53.6790123
image_1033.jpg,29.62095642
image_1034.jpg,26.84681702
image_1035.jpg,45.49331665
image_1036.jpg,64.19410706
image_1037.jpg,22.53987694
image_1038.jpg,43.24865723
image_1039.jpg,25.15886116
image_104.jpg,12.56665134
image_1040.jpg,13.62298012
image_1041.jpg,41.11994934
image_1042.jpg,38.43370438
image_1043.jpg,62.82544327
image_1044.jpg,38.87829971
image_1045.jpg,49.00444031
image_1046.jpg,28.84243965
image_1047.jpg,39.27349854
image_1048.jpg,60.69892502
image_1049.jpg,1.340143442
image_105.jpg,26.30436516
image_1050.jpg,55.17938614
image_1051.jpg,66.02841949
image_1052.jpg,32.24417496
image_1053.jpg,71.18580627
image_1054.jpg,77.13117218
image_1055.jpg,81.90161896
image_1056.jpg,28.62433434
image_1057.jpg,20.01234627
image_1058.jpg,29.7022934
image_1059.jpg,7.587959766
image_106.jpg,62.37804031
image_1060.jpg,65.21150208
image_1061.jpg,38.88132858
image_1062.jpg,41.25992584
image_1063.jpg,63.41389084
image_1064.jpg,16.07378769
image_1065.jpg,62.78551102
image_1066.jpg,23.4332943
image_1067.jpg,62.87377167
image_1068.jpg,63.8050499
image_1069.jpg,48.45949173
image_107.jpg,30.94213676
image_1070.jpg,83.91150665
image_1071.jpg,58.69654465
image_1072.jpg,17.57393646
image_1073.jpg,1.098172307
image_1074.jpg,29.697752
image_1075.jpg,62.30382919
image_1076.jpg,54.90788269
image_1077.jpg,20.01891708
image_1078.jpg,12.77757549
image_1079.jpg,70.92920685
image_108.jpg,38.23685074
image_1080.jpg,24.40424538
image_1081.jpg,29.18135262
image_1082.jpg,12.75477505
image_1083.jpg,20.17098045
image_1084.jpg,57.60673523
image_1085.jpg,43.52264023
image_1086.jpg,50.56467438
image_1087.jpg,71.66759491
image_1088.jpg,55.74983597
image_1089.jpg,27.66120911
image_109.jpg,18.02518272
image_1090.jpg,19.18927193
image_1091.jpg,28.72926903
image_1092.jpg,34.88314819
image_1093.jpg,29.58722878
image_1094.jpg,55.25313187
image_1095.jpg,48.76084137
image_1096.jpg,12.42561054
image_1097.jpg,21.79493904
image_1098.jpg,11.47627068
image_1099.jpg,31.8819561
image_11.jpg,28.57223701
image_110.jpg,9.656930923
image_1100.jpg,61.02740479
image_1101.jpg,1.470499396
image_1102.jpg,53.54879761
image_1103.jpg,26.63473129
image_1104.jpg,26.94039726
image_1105.jpg,24.95419693
image_1106.jpg,27.13242912
image_1107.jpg,16.46166611
image_1108.jpg,57.67583847
image_1109.jpg,36.39225006
image_111.jpg,9.186899185
image_1110.jpg,35.17995071
image_1111.jpg,56.08188629
image_1112.jpg,59.26076508
image_1113.jpg,51.13435745
image_1114.jpg,25.66036224
image_1115.jpg,43.76600647
image_1116.jpg,61.56354904
image_1117.jpg,31.75778008
image_1118.jpg,32.1034317
image_1119.jpg,23.40097427
image_112.jpg,30.94214821
image_1120.jpg,44.22310257
image_1121.jpg,33.30765915
image_1122.jpg,60.49005508
image_1123.jpg,74.55636597
image_1124.jpg,18.24629784
image_1125.jpg,41.02284241
image_1126.jpg,57.90592575
image_1127.jpg,72.01366425
image_1128.jpg,43.5357933
image_1129.jpg,60.42835617
image_113.jpg,22.99809837
image_1130.jpg,48.91798782
image_1131.jpg,21.29272079
image_1132.jpg,46.29982376
image_1133.jpg,3.681478977
image_1134.jpg,48.13478851
image_1135.jpg,28.23593712
image_1136.jpg,78.45720673
image_1137.jpg,22.61396027
image_1138.jpg,45.02783966
image_1139.jpg,26.88524818
image_114.jpg,29.89120865
image_1140.jpg,24.48705292
image_1141.jpg,42.38142395
image_1142.jpg,27.7117424
image_1143.jpg,63.06747818
image_1144.jpg,60.73654175
image_1145.jpg,46.48106384
image_1146.jpg,28.16819
image_1147.jpg,18.00294304
image_1148.jpg,52.71366882
image_1149.jpg,67.91231537
image_115.jpg,20.94711494
image_1150.jpg,46.46479797
image_1151.jpg,25.54658318
image_1152.jpg,54.83120346
image_1153.jpg,33.33802032
image_1154.jpg,31.93105698
image_1155.jpg,3.159618378
image_1156.jpg,13.15376568
image_1157.jpg,47.342556
image_1158.jpg,22.30573654
image_1159.jpg,1.450769782
image_116.jpg,10.79678535
image_1160.jpg,32.94231796
image_1161.jpg,24.59133148
image_1162.jpg,7.047754288
image_1163.jpg,86.65036774
image_1164.jpg,47.13750076
image_1165.jpg,68.51696777
image_1166.jpg,53.37360382
image_1167.jpg,25.16182709
image_1168.jpg,10.28365707
image_1169.jpg,6.921084404
image_117.jpg,9.190533638
image_1170.jpg,5.28091383
image_1171.jpg,6.045854092
image_1172.jpg,43.39471054
image_1173.jpg,71.27021027
image_1174.jpg,59.99437714
image_1175.jpg,11.12668419
image_1176.jpg,84.81488037
image_1177.jpg,48.25418472
image_1178.jpg,5.934185982
image_1179.jpg,53.79692841
image_118.jpg,69.63980103
image_1180.jpg,33.66408157
image_1181.jpg,31.06423759
image_1182.jpg,28.31712914
image_1183.jpg,67.34441376
image_1184.jpg,34.18891525
image_1185.jpg,34.91395569
image_1186.jpg,45.82187271
image_1187.jpg,8.527121544
image_1188.jpg,12.45492268
image_1189.jpg,10.47432709
image_119.jpg,52.23316574
image_1190.jpg,65.27351379
image_1191.jpg,9.237313271
image_1192.jpg,53.61530685
image_1193.jpg,64.49567413
image_1194.jpg,25.61617279
image_1195.jpg,24.69782448
image_1196.jpg,8.570166588
image_1197.jpg,17.84591866
image_1198.jpg,10.40387058
image_1199.jpg,57.79227066
image_12.jpg,53.46112823
image_120.jpg,42.01683426
image_1200.jpg,71.4008255
image_1201.jpg,47.09336472
image_1202.jpg,26.77015305
image_1203.jpg,52.46056747
image_1204.jpg,42.70212936
image_1205.jpg,4.256294727
image_1206.jpg,59.56055832
image_1207.jpg,46.96102524
image_1208.jpg,47.04906845
image_1209.jpg,34.9151001
image_121.jpg,27.53705215
image_1210.jpg,22.66746712
image_1211.jpg,69.70355988
image_1212.jpg,71.27183533
image_1213.jpg,63.91673279
image_1214.jpg,39.5525589
image_1215.jpg,58.4860878
image_1216.jpg,9.737794876
image_1217.jpg,2.824649811
image_1218.jpg,58.36528397
image_1219.jpg,52.18262482
image_122.jpg,30.18386841
image_1220.jpg,26.76669884
image_1221.jpg,59.50511169
image_1222.jpg,63.05785751
image_1223.jpg,72.30935669
image_1224.jpg,1.774420857
image_1225.jpg,79.91858673
image_1226.jpg,25.16009331
image_1227.jpg,42.4090538
image_1228.jpg,66.5550766
image_1229.jpg,21.52165413
image_123.jpg,18.92881203
image_1230.jpg,13.91962242
image_1231.jpg,61.59194183
image_1232.jpg,34.26060867
image_1233.jpg,20.63005829
image_1234.jpg,25.33875847
image_1235.jpg,52.19405365
image_1236.jpg,50.59370041
image_1237.jpg,18.18882751
image_1238.jpg,8.272255898
image_1239.jpg,11.90980244
image_124.jpg,21.24864578
image_1240.jpg,21.89015388
image_1241.jpg,27.02630424
image_1242.jpg,59.50165939
image_1243.jpg,54.2007103
image_1244.jpg,27.33325005
image_1245.jpg,10.71985531
image_1246.jpg,26.63673019
image_1247.jpg,40.01911163
image_1248.jpg,43.28345871
image_1249.jpg,49.95001984
image_125.jpg,64.25209045
image_1250.jpg,3.608611345
image_1251.jpg,52.12823105
image_1252.jpg,38.0329628
image_1253.jpg,51.21064758
image_1254.jpg,37.49854279
image_1255.jpg,6.554744244
image_1256.jpg,52.26615524
image_1257.jpg,70.36138153
image_1258.jpg,46.46168137
image_1259.jpg,56.95865631
image_126.jpg,12.90962696
image_1260.jpg,50.61923981
image_1261.jpg,61.42901993
image_1262.jpg,3.044762373
image_1263.jpg,36.10786438
image_1264.jpg,23.93602562
image_1265.jpg,52.3033638
image_1266.jpg,11.34788322
image_1267.jpg,55.20595169
image_1268.jpg,49.56788254
image_1269.jpg,36.35001373
image_127.jpg,25.85041809
image_1270.jpg,30.6050663
image_1271.jpg,56.10705185
image_1272.jpg,75.18107605
image_1273.jpg,51.9744873
image_1274.jpg,37.75477982
image_1275.jpg,41.85276031
image_1276.jpg,39.79289246
image_1277.jpg,51.96739197
image_1278.jpg,33.41222382
image_1279.jpg,27.81443596
image_128.jpg,12.71745968
image_1280.jpg,57.53638077
image_1281.jpg,85.47740173
image_1282.jpg,55.11278152
image_1283.jpg,59.92756653
image_1284.jpg,24.00320625
image_1285.jpg,72.96227264
image_1286.jpg,17.14275932
image_1287.jpg,16.70089531
image_1288.jpg,59.70737839
image_1289.jpg,61.29696274
image_129.jpg,33.3742485
image_1290.jpg,28.56389236
image_1291.jpg,60.95740128
image_1292.jpg,31.34213829
image_1293.jpg,20.18663406
image_1294.jpg,45.63242722
image_1295.jpg,60.19101334
image_1296.jpg,66.72953796
image_1297.jpg,30.02648163
image_1298.jpg,30.45249748
image_1299.jpg,54.78538132
image_13.jpg,64.58331299
image_130.jpg,10.42807102
image_1300.jpg,67.18379974
image_1301.jpg,23.44817162
image_1302.jpg,16.85895729
image_1303.jpg,30.92866325
image_1304.jpg,50.55767822
image_1305.jpg,48.11837387
image_1306.jpg,27.62369347
image_1307.jpg,2.359151125
image_1308.jpg,52.81518936
image_1309.jpg,41.7604332
image_131.jpg,53.86841583
image_1310.jpg,62.27587128
image_1311.jpg,47.57217407
image_1312.jpg,37.05015945
image_1313.jpg,63.26167679
image_1314.jpg,27.38264084
image_1315.jpg,34.95138931
image_1316.jpg,40.39716339
image_1317.jpg,44.30285645
image_1318.jpg,7.202706814
image_1319.jpg,37.94565964
image_132.jpg,51.54170609
image_1320.jpg,66.25269318
image_1321.jpg,63.29917145
image_1322.jpg,26.5263443
image_1323.jpg,12.99641323
image_1324.jpg,28.75763512
image_1325.jpg,6.423117638
image_1326.jpg,17.40771675
image_1327.jpg,59.30365753
image_1328.jpg,9.046658516
image_1329.jpg,28.5144825
image_133.jpg,49.25233459
image_1330.jpg,73.48171234
image_1331.jpg,29.7856884
image_1332.jpg,43.7432518
image_1333.jpg,61.70778656
image_1334.jpg,33.44655228
image_1335.jpg,52.84515381
image_1336.jpg,49.82741547
image_1337.jpg,47.72688675
image_1338.jpg,28.20914459
image_1339.jpg,2.844171762
image_134.jpg,26.98940468
image_1340.jpg,25.13288307
image_1341.jpg,63.04494095
image_1342.jpg,28.03079414
image_1343.jpg,47.33922958
image_1344.jpg,2.182105303
image_1345.jpg,57.51887894
image_1346.jpg,51.63565063
image_1347.jpg,17.85483742
image_1348.jpg,49.26642609
image_1349.jpg,52.26626205
image_135.jpg,8.895277023
image_1350.jpg,66.8196106
image_1351.jpg,41.87840652
image_1352.jpg,54.33126831
image_1353.jpg,33.10523605
image_1354.jpg,42.37729645
image_1355.jpg,36.88531113
image_1356.jpg,3.867174625
image_1357.jpg,26.66920662
image_1358.jpg,48.55608368
image_1359.jpg,3.765140533
image_136.jpg,25.70622444
image_1360.jpg,23.5417347
image_1361.jpg,16.222929
image_1362.jpg,44.47118759
image_1363.jpg,18.93011093
image_1364.jpg,55.97893906
image_1365.jpg,54.78893661
image_1366.jpg,42.0216217
image_1367.jpg,48.90348434
image_1368.jpg,69.32392883
image_1369.jpg,28.30563545
image_137.jpg,28.01223183
image_1370.jpg,25.65829086
image_1371.jpg,46.94966507
image_1372.jpg,34.14746475
image_1373.jpg,48.71384811
image_1374.jpg,25.28449821
image_1375.jpg,52.5868454
image_1376.jpg,10.27954197
image_1377.jpg,8.052140236
image_1378.jpg,55.622509
image_1379.jpg,1.917075753
image_138.jpg,36.34790421
image_1380.jpg,65.70223236
image_1381.jpg,5.316445351
image_1382.jpg,67.05220032
image_1383.jpg,72.41822815
image_1384.jpg,67.33861542
image_1385.jpg,64.65626526
image_1386.jpg,84.56092072
image_1387.jpg,6.542008877
image_1388.jpg,43.32544327
image_1389.jpg,40.15356064
image_139.jpg,18.89067268
image_1390.jpg,14.32001686
image_1391.jpg,27.56734085
image_1392.jpg,35.32286835
image_1393.jpg,11.27848816
image_1394.jpg,5.427143574
image_1395.jpg,11.08440685
image_1396.jpg,45.54946899
image_1397.jpg,30.52574348
image_1398.jpg,60.07231522
image_1399.jpg,9.716173172
image_14.jpg,42.13098526
image_140.jpg,9.443766594
image_1400.jpg,67.76251984
image_1401.jpg,49.69032288
image_1402.jpg,67.78543854
image_1403.jpg,31.21397972
image_1404.jpg,28.14941597
image_1405.jpg,23.62967491
image_1406.jpg,54.34881973
image_1407.jpg,27.52687836
image_1408.jpg,40.04190445
image_1409.jpg,2.574518919
image_141.jpg,62.60507584
image_1410.jpg,8.224765778
image_1411.jpg,1.683054686
image_1412.jpg,54.89367294
image_1413.jpg,12.70930004
image_1414.jpg,41.02084351
image_1415.jpg,15.79876041
image_1416.jpg,47.28748322
image_1417.jpg,42.2403183
image_1418.jpg,32.50197601
image_1419.jpg,15.77652645
image_142.jpg,1.743556857
image_1420.jpg,35.92819977
image_1421.jpg,50.47724533
image_1422.jpg,77.14149475
image_1423.jpg,34.42753601
image_1424.jpg,33.91886139
image_1425.jpg,3.493780136
image_1426.jpg,10.19296265
image_1427.jpg,42.84018707
image_1428.jpg,9.875526428
image_1429.jpg,10.52970886
image_143.jpg,20.72440147
image_1430.jpg,21.47648811
image_1431.jpg,7.814445972
image_1432.jpg,8.293951988
image_1433.jpg,34.98484421
image_1434.jpg,13.60213375
image_1435.jpg,41.14163971
image_1436.jpg,31.75107193
image_1437.jpg,59.50220871
image_1438.jpg,33.83356857
image_1439.jpg,42.67580795
image_144.jpg,12.53705788
image_1440.jpg,47.1996727
image_1441.jpg,46.83973694
image_1442.jpg,7.121814251
image_1443.jpg,45.77930832
image_1444.jpg,1.499188662
image_1445.jpg,27.68522644
image_1446.jpg,61.53256607
image_1447.jpg,4.929768562
image_1448.jpg,48.30330276
image_1449.jpg,29.78322029
image_145.jpg,10.6845789
image_1450.jpg,1.437945366
image_1451.jpg,26.25490761
image_1452.jpg,38.356987
image_1453.jpg,43.20785141
image_1454.jpg,24.54309273
image_1455.jpg,65.23873138
image_1456.jpg,48.54617691
image_1457.jpg,68.2873764
image_1458.jpg,13.45895672
image_1459.jpg,46.01948547
image_146.jpg,57.58438492
image_1460.jpg,43.68192673
image_1461.jpg,74.95558929
image_1462.jpg,35.84124374
image_1463.jpg,2.652589798
image_1464.jpg,28.57313919
image_1465.jpg,77.00627899
image_1466.jpg,8.595080376
image_1467.jpg,35.2039299
image_1468.jpg,25.4271965
image_1469.jpg,21.98709679
image_147.jpg,25.89143562
image_1470.jpg,30.00055695
image_1471.jpg,37.19061661
image_1472.jpg,63.73009872
image_1473.jpg,28.5063343
image_1474.jpg,26.48200035
image_1475.jpg,68.39094543
image_1476.jpg,73.27957153
image_1477.jpg,67.7609024
image_1478.jpg,57.81895065
image_1479.jpg,37.13319397
image_148.jpg,41.23307419
image_1480.jpg,30.87407875
image_1481.jpg,10.53600883
image_1482.jpg,10.92862988
image_1483.jpg,40.35871506
image_1484.jpg,36.16558456
image_1485.jpg,78.52389526
image_1486.jpg,49.05938339
image_1487.jpg,29.81718826
image_1488.jpg,60.42568207
image_1489.jpg,25.98762321
image_149.jpg,51.03079987
image_1490.jpg,17.13212776
image_1491.jpg,28.86917877
image_1492.jpg,27.36553764
image_1493.jpg,15.86061287
image_1494.jpg,45.19284058
image_1495.jpg,77.24411774
image_1496.jpg,22.72981453
image_1497.jpg,47.88515091
image_1498.jpg,35.79221725
image_1499.jpg,26.60620308
image_15.jpg,33.73604965
image_150.jpg,7.017099857
image_1500.jpg,39.35124207
image_1501.jpg,46.99517059
image_1502.jpg,32.8086586
image_1503.jpg,9.273288727
image_1504.jpg,53.59063721
image_1505.jpg,70.39644623
image_1506.jpg,60.30021286
image_1507.jpg,49.11257935
image_1508.jpg,52.65206146
image_1509.jpg,65.64982605
image_151.jpg,67.10668182
image_1510.jpg,38.98810577
image_1511.jpg,66.4522934
image_1512.jpg,37.23786163
image_1513.jpg,44.18106079
image_1514.jpg,33.39673615
image_1515.jpg,32.15107727
image_1516.jpg,56.41752243
image_1517.jpg,27.56549072
image_1518.jpg,40.80592346
image_1519.jpg,18.43248177
image_152.jpg,1.689174294
image_1520.jpg,23.60397339
image_1521.jpg,19.95869064
image_1522.jpg,55.54584503
image_1523.jpg,25.82566071
image_1524.jpg,78.74008942
image_1525.jpg,34.98860168
image_1526.jpg,10.57287407
image_1527.jpg,40.50311661
image_1528.jpg,51.92779922
image_1529.jpg,29.08431435
image_153.jpg,26.5280323
image_1530.jpg,30.43925858
image_1531.jpg,45.70261383
image_1532.jpg,56.9426918
image_1533.jpg,33.59860611
image_1534.jpg,52.90047836
image_1535.jpg,25.24460793
image_1536.jpg,23.94139862
image_1537.jpg,72.15638733
image_1538.jpg,35.90912628
image_1539.jpg,54.64816284
image_154.jpg,82.55337524
image_1540.jpg,3.439891338
image_1541.jpg,30.50205803
image_1542.jpg,80.97631073
image_1543.jpg,63.34766006
image_1544.jpg,24.91085243
image_1545.jpg,60.94781494
image_1546.jpg,26.49787331
image_1547.jpg,21.7594471
image_1548.jpg,32.93997955
image_1549.jpg,60.54302597
image_155.jpg,7.869674206
image_1550.jpg,17.05919838
image_1551.jpg,3.03200984
image_1552.jpg,63.95018387
image_1553.jpg,37.34828949
image_1554.jpg,37.66974258
image_1555.jpg,40.84910583
image_1556.jpg,19.80746269
image_1557.jpg,32.55880356
image_1558.jpg,48.57030487
image_1559.jpg,24.56805992
image_156.jpg,62.68322372
image_1560.jpg,61.57019043
image_1561.jpg,32.12827301
image_1562.jpg,67.03289032
image_1563.jpg,74.49580383
image_1564.jpg,46.1217308
image_1565.jpg,4.712487698
image_1566.jpg,46.31923676
image_1567.jpg,55.81001663
image_1568.jpg,16.81377602
image_1569.jpg,21.35487175
image_157.jpg,44.88412094
image_1570.jpg,6.285583973
image_1571.jpg,21.27816391
image_1572.jpg,41.29957962
image_1573.jpg,0.993219018
image_1574.jpg,37.08413315
image_1575.jpg,63.42918396
image_1576.jpg,27.36000633
image_1577.jpg,10.89562798
image_1578.jpg,52.05425644
image_1579.jpg,9.323375702
image_158.jpg,24.89450264
image_1580.jpg,3.462198257
image_1581.jpg,42.08058929
image_1582.jpg,70.31439972
image_1583.jpg,33.58009338
image_1584.jpg,3.513375521
image_1585.jpg,53.19286728
image_1586.jpg,72.8235321
image_1587.jpg,78.24447632
image_1588.jpg,26.04694939
image_1589.jpg,31.41350365
image_159.jpg,5.177259922
image_1590.jpg,41.92975616
image_1591.jpg,10.51429749
image_1592.jpg,9.804198265
image_1593.jpg,30.45490646
image_1594.jpg,28.89021492
image_1595.jpg,51.97097397
image_1596.jpg,20.51070213
image_1597.jpg,1.798456907
image_1598.jpg,57.73710251
image_1599.jpg,58.60398102
image_16.jpg,52.29738998
image_160.jpg,6.024153709
image_1600.jpg,5.21692276
image_1601.jpg,14.53540039
image_1602.jpg,85.10403442
image_1603.jpg,66.81003571
image_1604.jpg,60.12794876
image_1605.jpg,61.14088821
image_1606.jpg,60.50811768
image_1607.jpg,1.956430912
image_1608.jpg,26.40788078
image_1609.jpg,59.29285812
image_161.jpg,28.71199226
image_1610.jpg,72.36321259
image_1611.jpg,56.90641022
image_1612.jpg,76.28634644
image_1613.jpg,14.99172497
image_1614.jpg,51.92525482
image_1615.jpg,45.28481674
image_1616.jpg,17.76923943
image_1617.jpg,67.87866211
image_1618.jpg,33.61967468
image_1619.jpg,37.85784912
image_162.jpg,12.9806385
image_1620.jpg,67.61482239
image_1621.jpg,38.48352051
image_1622.jpg,76.50634003
image_1623.jpg,39.52833176
image_1624.jpg,54.41690063
image_1625.jpg,27.14889336
image_1626.jpg,48.21514511
image_1627.jpg,64.76089478
image_1628.jpg,46.76963425
image_1629.jpg,14.54616356
image_163.jpg,45.56535721
image_1630.jpg,2.750004768
image_1631.jpg,63.36183548
image_1632.jpg,73.17081451
image_1633.jpg,68.78443909
image_1634.jpg,44.48573303
image_1635.jpg,27.64108086
image_1636.jpg,62.53721237
image_1637.jpg,4.638224125
image_1638.jpg,18.53404808
image_1639.jpg,25.0177269
image_164.jpg,11.27695942
image_1640.jpg,25.39882469
image_1641.jpg,25.84425545
image_1642.jpg,10.80827427
image_1643.jpg,12.67191219
image_1644.jpg,58.30950165
image_1645.jpg,60.13965988
image_1646.jpg,10.74160194
image_1647.jpg,27.30097771
image_1648.jpg,80.28356171
image_1649.jpg,48.62805176
image_165.jpg,71.59850311
image_1650.jpg,11.8818121
image_1651.jpg,50.54403305
image_1652.jpg,6.247045994
image_1653.jpg,30.56985283
image_1654.jpg,32.90404129
image_1655.jpg,13.09610558
image_1656.jpg,20.77407265
image_1657.jpg,13.5736227
image_1658.jpg,54.3562088
image_1659.jpg,70.09915924
image_166.jpg,57.92853165
image_1660.jpg,48.21175003
image_1661.jpg,5.117380142
image_1662.jpg,36.00026703
image_1663.jpg,52.08269501
image_1664.jpg,8.604937553
image_1665.jpg,49.47998047
image_1666.jpg,40.70830917
image_1667.jpg,57.48298645
image_1668.jpg,44.24164963
image_1669.jpg,52.06615067
image_167.jpg,37.97224426
image_1670.jpg,52.49711227
image_1671.jpg,11.09665298
image_1672.jpg,47.81028748
image_1673.jpg,11.68732452
image_1674.jpg,55.1620903
image_1675.jpg,50.34859467
image_1676.jpg,50.82723999
image_1677.jpg,46.77511215
image_1678.jpg,33.07384109
image_1679.jpg,40.10763168
image_168.jpg,45.57807541
image_1680.jpg,25.71479225
image_1681.jpg,35.98233795
image_1682.jpg,38.50256729
image_1683.jpg,25.88202095
image_1684.jpg,5.567712784
image_1685.jpg,2.536318541
image_1686.jpg,2.081614971
image_1687.jpg,49.86158752
image_1688.jpg,7.740496159
image_1689.jpg,32.81547546
image_169.jpg,8.077297211
image_1690.jpg,58.84581375
image_1691.jpg,38.26609421
image_1692.jpg,30.89019203
image_1693.jpg,22.09486961
image_1694.jpg,16.82003784
image_1695.jpg,31.31854057
image_1696.jpg,26.13301659
image_1697.jpg,67.6456604
image_1698.jpg,35.80679321
image_1699.jpg,72.66213989
image_17.jpg,85.73394012
image_170.jpg,35.07583237
image_1700.jpg,64.96787262
image_1701.jpg,61.17841721
image_1702.jpg,46.27560425
image_1703.jpg,51.28966522
image_1704.jpg,36.43961334
image_1705.jpg,35.44364929
image_1706.jpg,71.9238205
image_1707.jpg,4.553852558
image_1708.jpg,1.146977067
image_1709.jpg,54.46892166
image_171.jpg,68.21217346
image_1710.jpg,23.30959511
image_1711.jpg,63.84284973
image_1712.jpg,41.54788208
image_1713.jpg,71.83655548
image_1714.jpg,24.19465446
image_1715.jpg,35.19694138
image_1716.jpg,10.047616
image_1717.jpg,14.78266239
image_1718.jpg,23.03278923
image_1719.jpg,72.12863159
image_172.jpg,65.18838501
image_1720.jpg,58.46985245
image_1721.jpg,49.59260941
image_1722.jpg,13.6104002
image_1723.jpg,2.493832588
image_1724.jpg,25.84355545
image_1725.jpg,7.418385983
image_1726.jpg,59.92458344
image_1727.jpg,55.76710129
image_1728.jpg,2.992774963
image_1729.jpg,59.97772598
image_173.jpg,13.37506485
image_1730.jpg,9.516792297
image_1731.jpg,15.03471947
image_1732.jpg,63.11044693
image_1733.jpg,30.24546623
image_1734.jpg,35.07612991
image_1735.jpg,30.47740746
image_1736.jpg,51.95076752
image_1737.jpg,7.255645275
image_1738.jpg,61.29494858
image_1739.jpg,36.65690231
image_174.jpg,13.88332081
image_1740.jpg,45.45247269
image_1741.jpg,17.21219826
image_1742.jpg,68.19283295
image_1743.jpg,3.156050682
image_1744.jpg,29.79167747
image_1745.jpg,40.0986824
image_1746.jpg,7.67797327
image_1747.jpg,26.42804527
image_1748.jpg,37.69403076
image_1749.jpg,5.663684368
image_175.jpg,26.71474075
image_1750.jpg,66.76480103
image_1751.jpg,30.70646477
image_1752.jpg,8.053505898
image_1753.jpg,45.53991318
image_1754.jpg,52.68999863
image_1755.jpg,65.69215393
image_1756.jpg,55.33399582
image_1757.jpg,56.27519989
image_1758.jpg,49.88127518
image_1759.jpg,66.43904114
image_176.jpg,22.39734077
image_1760.jpg,75.63248444
image_1761.jpg,36.19462967
image_1762.jpg,29.61464882
image_1763.jpg,9.122942924
image_1764.jpg,19.55732918
image_1765.jpg,21.29834747
image_1766.jpg,67.83308411
image_1767.jpg,56.49128723
image_1768.jpg,53.08429337
image_1769.jpg,82.1266861
image_177.jpg,33.88802719
image_1770.jpg,71.78669739
image_1771.jpg,29.94168091
image_1772.jpg,25.97126007
image_1773.jpg,61.17683792
image_1774.jpg,66.8898468
image_1775.jpg,74.33386993
image_1776.jpg,3.24955821
image_1777.jpg,1.343826652
image_1778.jpg,52.26205063
image_1779.jpg,55.36842346
image_178.jpg,60.01493454
image_1780.jpg,11.2398653
image_1781.jpg,14.86246967
image_1782.jpg,26.18211174
image_1783.jpg,51.72000504
image_1784.jpg,54.75488281
image_1785.jpg,5.539958954
image_1786.jpg,1.544664741
image_1787.jpg,64.23271179
image_1788.jpg,25.7701683
image_1789.jpg,67.14206696
image_179.jpg,46.71634293
image_1790.jpg,61.46680832
image_1791.jpg,79.12347412
image_1792.jpg,63.3788147
image_1793.jpg,6.569123745
image_1794.jpg,84.19015503
image_1795.jpg,20.27296257
image_1796.jpg,45.00686646
image_1797.jpg,19.22870445
image_1798.jpg,35.85729218
image_1799.jpg,27.92047501
image_18.jpg,28.88233376
image_180.jpg,28.77163506
image_1800.jpg,50.06580734
image_1801.jpg,60.85802841
image_1802.jpg,32.60281372
image_1803.jpg,68.26052856
image_1804.jpg,41.94844437
image_1805.jpg,59.31370926
image_1806.jpg,64.67647552
image_1807.jpg,2.73222518
image_1808.jpg,19.28988457
image_1809.jpg,87.47766876
image_181.jpg,84.09210968
image_1810.jpg,23.52024269
image_1811.jpg,39.4838562
image_1812.jpg,62.3461113
image_1813.jpg,13.81416798
image_1814.jpg,25.90390778
image_1815.jpg,7.551370144
image_1816.jpg,23.91073418
image_1817.jpg,41.67126846
image_1818.jpg,12.47438526
image_1819.jpg,80.02181244
image_182.jpg,47.29003906
image_1820.jpg,65.56189728
image_1821.jpg,54.22794724
image_1822.jpg,59.08163452
image_1823.jpg,76.95066833
image_1824.jpg,10.56253719
image_1825.jpg,54.13151169
image_1826.jpg,19.52197456
image_1827.jpg,9.941514015
image_1828.jpg,72.84562683
image_1829.jpg,29.13241196
image_183.jpg,58.17356491
image_1830.jpg,15.22729969
image_1831.jpg,17.58966827
image_1832.jpg,66.9571228
image_1833.jpg,61.35514832
image_1834.jpg,41.36006546
image_1835.jpg,29.52201271
image_1836.jpg,25.0663929
image_1837.jpg,23.07314491
image_1838.jpg,70.42403412
image_1839.jpg,39.97397995
image_184.jpg,65.62240601
image_1840.jpg,70.78966522
image_1841.jpg,2.741798401
image_1842.jpg,35.47068405
image_1843.jpg,11.36265182
image_1844.jpg,48.37505722
image_1845.jpg,36.45611191
image_1846.jpg,55.97867584
image_1847.jpg,55.75602341
image_1848.jpg,35.9288063
image_1849.jpg,61.73718643
image_185.jpg,2.046536922
image_1850.jpg,61.29977036
image_1851.jpg,19.55002975
image_1852.jpg,39.62501526
image_1853.jpg,21.76432228
image_1854.jpg,65.70554352
image_1855.jpg,15.57342625
image_1856.jpg,60.25266647
image_1857.jpg,13.44032192
image_1858.jpg,25.49277496
image_1859.jpg,61.50386429
image_186.jpg,35.91666412
image_1860.jpg,47.6191597
image_1861.jpg,69.85837555
image_1862.jpg,54.68346786
image_1863.jpg,40.31442642
image_1864.jpg,45.87989807
image_1865.jpg,26.87939644
image_1866.jpg,61.54777908
image_1867.jpg,24.32002449
image_1868.jpg,38.90857697
image_1869.jpg,9.80280304
image_187.jpg,36.20853806
image_1870.jpg,37.36278915
image_1871.jpg,58.49107361
image_1872.jpg,46.74441528
image_1873.jpg,34.93837357
image_1874.jpg,41.69781113
image_1875.jpg,56.12021255
image_1876.jpg,23.83076668
image_1877.jpg,30.60553932
image_1878.jpg,69.08769989
image_1879.jpg,17.68109512
image_188.jpg,55.84845734
image_1880.jpg,23.14544106
image_1881.jpg,6.099840164
image_1882.jpg,48.11062622
image_1883.jpg,62.97693253
image_1884.jpg,33.12602615
image_1885.jpg,60.73277664
image_1886.jpg,68.32134247
image_1887.jpg,61.41188812
image_1888.jpg,68.51191711
image_1889.jpg,65.30262756
image_189.jpg,60.59928513
image_1890.jpg,36.28794098
image_1891.jpg,2.235235214
image_1892.jpg,10.61164379
image_1893.jpg,70.04657745
image_1894.jpg,47.58485413
image_1895.jpg,1.203221798
image_1896.jpg,72.78347015
image_1897.jpg,66.39751434
image_1898.jpg,50.61960602
image_1899.jpg,31.58711433
image_19.jpg,11.56851864
image_190.jpg,47.39912796
image_1900.jpg,69.29486084
image_1901.jpg,28.04124451
image_1902.jpg,57.18203354
image_1903.jpg,31.07841682
image_1904.jpg,24.96934891
image_1905.jpg,10.39914227
image_1906.jpg,62.05771255
image_1907.jpg,54.63721848
image_1908.jpg,73.63735962
image_1909.jpg,7.511092663
image_191.jpg,24.60379601
image_1910.jpg,29.69098854
image_1911.jpg,9.299249649
image_1912.jpg,0.992334723
image_1913.jpg,54.50582504
image_1914.jpg,40.46500778
image_1915.jpg,41.8234024
image_1916.jpg,34.35925293
image_1917.jpg,42.38575363
image_1918.jpg,29.11058235
image_1919.jpg,6.09897089
image_192.jpg,34.29536057
image_1920.jpg,41.37440109
image_1921.jpg,36.42765808
image_1922.jpg,52.98884201
image_1923.jpg,41.63998032
image_1924.jpg,54.92037964
image_1925.jpg,29.16580009
image_1926.jpg,25.20586586
image_1927.jpg,70.70214081
image_1928.jpg,36.15719604
image_1929.jpg,28.50455475
image_193.jpg,42.13438034
image_1930.jpg,70.50524902
image_1931.jpg,21.69037628
image_1932.jpg,20.90336609
image_1933.jpg,70.313797
image_1934.jpg,60.13555527
image_1935.jpg,24.44020844
image_1936.jpg,8.881115913
image_1937.jpg,61.64415359
image_1938.jpg,36.74727249
image_1939.jpg,69.72462463
image_194.jpg,3.88898468
image_1940.jpg,66.58636475
image_1941.jpg,11.17013073
image_1942.jpg,1.368547559
image_1943.jpg,11.02461338
image_1944.jpg,54.65288544
image_1945.jpg,37.59998703
image_1946.jpg,24.7845726
image_1947.jpg,59.74464798
image_1948.jpg,44.96562576
image_1949.jpg,69.23726654
image_195.jpg,10.02724361
image_196.jpg,22.27608109
image_197.jpg,9.529677391
image_198.jpg,81.66655731
image_199.jpg,39.92157364
image_2.jpg,77.71367645
image_20.jpg,82.17928314
image_200.jpg,18.45203972
image_201.jpg,82.95462799
image_202.jpg,54.39718628
image_203.jpg,67.02909851
image_204.jpg,26.43634033
image_205.jpg,58.73688126
image_206.jpg,27.92448807
image_207.jpg,50.71331024
image_208.jpg,21.38961029
image_209.jpg,27.77941322
image_21.jpg,13.31482124
image_210.jpg,60.80350113
image_211.jpg,57.12953186
image_212.jpg,57.32684708
image_213.jpg,26.56774902
image_214.jpg,45.3768959
image_215.jpg,30.77230263
image_216.jpg,38.25281525
image_217.jpg,40.21764755
image_218.jpg,60.06735611
image_219.jpg,9.081342697
image_22.jpg,35.49179459
image_220.jpg,30.8372097
image_221.jpg,35.00600433
image_222.jpg,19.26782036
image_223.jpg,63.39677811
image_224.jpg,28.76648712
image_225.jpg,62.69055557
image_226.jpg,60.99352646
image_227.jpg,81.08722687
image_228.jpg,70.65018463
image_229.jpg,54.91845703
image_23.jpg,31.70014
image_230.jpg,60.45499039
image_231.jpg,39.02793503
image_232.jpg,74.03502655
image_233.jpg,46.16947937
image_234.jpg,39.36436081
image_235.jpg,33.34663773
image_236.jpg,84.12889099
image_237.jpg,60.76763535
image_238.jpg,28.90236664
image_239.jpg,7.432465076
image_24.jpg,48.10147858
image_240.jpg,50.27155685
image_241.jpg,42.50042343
image_242.jpg,34.72061157
image_243.jpg,27.12504768
image_244.jpg,16.37645531
image_245.jpg,28.06363297
image_246.jpg,55.81374741
image_247.jpg,40.8797493
image_248.jpg,1.214662671
image_249.jpg,32.41096878
image_25.jpg,62.45794678
image_250.jpg,47.52387619
image_251.jpg,25.87137413
image_252.jpg,6.567836285
image_253.jpg,34.92521286
image_254.jpg,18.68029976
image_255.jpg,58.93727875
image_256.jpg,18.07343292
image_257.jpg,44.27984238
image_258.jpg,52.93976974
image_259.jpg,67.32099152
image_26.jpg,30.9276371
image_260.jpg,38.58148193
image_261.jpg,35.16149139
image_262.jpg,20.52361107
image_263.jpg,25.84929085
image_264.jpg,27.92054939
image_265.jpg,59.81151581
image_266.jpg,42.15155411
image_267.jpg,4.998208523
image_268.jpg,24.30279541
image_269.jpg,61.11688995
image_27.jpg,6.767650127
image_270.jpg,12.98667908
image_271.jpg,6.190743923
image_272.jpg,65.41577911
image_273.jpg,34.83031082
image_274.jpg,78.30835724
image_275.jpg,24.78527641
image_276.jpg,32.31086349
image_277.jpg,27.37732887
image_278.jpg,17.919981
image_279.jpg,36.98155594
image_28.jpg,9.189307213
image_280.jpg,45.14552689
image_281.jpg,57.55963135
image_282.jpg,10.96597862
image_283.jpg,37.80055618
image_284.jpg,68.81933594
image_285.jpg,44.20752335
image_286.jpg,24.78577042
image_287.jpg,22.90060234
image_288.jpg,64.76154327
image_289.jpg,34.46826172
image_29.jpg,24.95580482
image_290.jpg,49.02127075
image_291.jpg,27.4282341
image_292.jpg,1.853078365
image_293.jpg,29.07353783
image_294.jpg,14.15648556
image_295.jpg,25.77169609
image_296.jpg,1.494412661
image_297.jpg,46.68264008
image_298.jpg,13.93417168
image_299.jpg,25.69521713
image_3.jpg,55.75858307
image_30.jpg,57.88999557
image_300.jpg,26.57582474
image_301.jpg,5.474737644
image_302.jpg,79.616539
image_303.jpg,79.78216553
image_304.jpg,48.81435776
image_305.jpg,56.53061295
image_306.jpg,30.47262764
image_307.jpg,65.09503937
image_308.jpg,61.26636887
image_309.jpg,26.4791069
image_31.jpg,8.287929535
image_310.jpg,8.263860703
image_311.jpg,32.62656021
image_312.jpg,31.93750763
image_313.jpg,42.43655777
image_314.jpg,59.9600029
image_315.jpg,26.77109909
image_316.jpg,41.33687592
image_317.jpg,66.08003998
image_318.jpg,11.03449917
image_319.jpg,71.34021759
image_32.jpg,65.0848465
image_320.jpg,39.64964676
image_321.jpg,60.615242
image_322.jpg,52.26663208
image_323.jpg,37.26370621
image_324.jpg,38.31076431
image_325.jpg,75.87232208
image_326.jpg,72.03795624
image_327.jpg,75.11048889
image_328.jpg,56.82831573
image_329.jpg,20.67354012
image_33.jpg,23.12160873
image_330.jpg,61.04900742
image_331.jpg,52.01700974
image_332.jpg,72.59103394
image_333.jpg,1.073171258
image_334.jpg,35.93273926
image_335.jpg,28.24033356
image_336.jpg,70.71855164
image_337.jpg,61.10174942
image_338.jpg,63.9012413
image_339.jpg,57.39060974
image_34.jpg,57.48816681
image_340.jpg,38.657444
image_341.jpg,50.39986801
image_342.jpg,51.42948914
image_343.jpg,18.74667549
image_344.jpg,61.2500267
image_345.jpg,71.56124115
image_346.jpg,6.794116974
image_347.jpg,50.52566528
image_348.jpg,33.40209198
image_349.jpg,20.6887722
image_35.jpg,6.402362823
image_350.jpg,32.34259415
image_351.jpg,81.07798767
image_352.jpg,32.95185471
image_353.jpg,40.84143066
image_354.jpg,14.81270123
image_355.jpg,2.538113832
image_356.jpg,35.87438202
image_357.jpg,5.427307129
image_358.jpg,37.96910477
image_359.jpg,74.38484192
image_36.jpg,31.49918365
image_360.jpg,17.58749962
image_361.jpg,44.92737198
image_362.jpg,62.99378967
image_363.jpg,57.77134323
image_364.jpg,10.9452467
image_365.jpg,56.42577744
image_366.jpg,26.39232445
image_367.jpg,48.05779266
image_368.jpg,61.77692795
image_369.jpg,61.14716721
image_37.jpg,46.14882278
image_370.jpg,25.89027596
image_371.jpg,54.14006424
image_372.jpg,51.47298431
image_373.jpg,42.59932327
image_374.jpg,35.99322128
image_375.jpg,12.83318806
image_376.jpg,73.30735016
image_377.jpg,12.36718178
image_378.jpg,68.81700134
image_379.jpg,57.6327095
image_38.jpg,10.3675127
image_380.jpg,55.68782806
image_381.jpg,39.57200623
image_382.jpg,12.53507233
image_383.jpg,69.69317627
image_384.jpg,27.85268974
image_385.jpg,75.85813141
image_386.jpg,50.11631012
image_387.jpg,20.70308495
image_388.jpg,28.95917702
image_389.jpg,1.090204477
image_39.jpg,28.28498459
image_390.jpg,29.05363464
image_391.jpg,18.42175674
image_392.jpg,10.128232
image_393.jpg,30.62492561
image_394.jpg,7.429434776
image_395.jpg,7.35024786
image_396.jpg,29.93766785
image_397.jpg,17.35306358
image_398.jpg,17.00091743
image_399.jpg,45.03540421
image_4.jpg,27.78081703
image_40.jpg,77.37783813
image_400.jpg,61.06289291
image_401.jpg,56.58538055
image_402.jpg,29.023983
image_403.jpg,49.57123947
image_404.jpg,65.52553558
image_405.jpg,33.85787964
image_406.jpg,29.68632126
image_407.jpg,3.736961842
image_408.jpg,53.77613831
image_409.jpg,24.71765137
image_41.jpg,73.79979706
image_410.jpg,79.02495575
image_411.jpg,26.85386086
image_412.jpg,24.09396935
image_413.jpg,49.36965561
image_414.jpg,81.30058289
image_415.jpg,25.20558548
image_416.jpg,50.45664597
image_417.jpg,32.29540634
image_418.jpg,27.2420845
image_419.jpg,9.814137459
image_42.jpg,55.45606995
image_420.jpg,1.614956498
image_421.jpg,6.324011326
image_422.jpg,27.91487503
image_423.jpg,1.46314311
image_424.jpg,72.21110535
image_425.jpg,5.393460274
image_426.jpg,63.61006927
image_427.jpg,27.13009644
image_428.jpg,43.86911392
image_429.jpg,25.37638664
image_43.jpg,61.49378204
image_430.jpg,32.24783707
image_431.jpg,27.09733009
image_432.jpg,80.02140045
image_433.jpg,32.21255493
image_434.jpg,80.22415161
image_435.jpg,26.18280602
image_436.jpg,74.14554596
image_437.jpg,27.30018616
image_438.jpg,65.36558533
image_439.jpg,18.60633278
image_44.jpg,50.04493713
image_440.jpg,34.62185669
image_441.jpg,30.07121849
image_442.jpg,30.42980194
image_443.jpg,35.88598633
image_444.jpg,58.19917679
image_445.jpg,17.63921165
image_446.jpg,10.05847263
image_447.jpg,64.26719666
image_448.jpg,26.96165848
image_449.jpg,61.21948624
image_45.jpg,72.38061523
image_450.jpg,57.22911835
image_451.jpg,42.26112366
image_452.jpg,64.73874664
image_453.jpg,16.99240685
image_454.jpg,40.21295929
image_455.jpg,28.32134056
image_456.jpg,37.76190567
image_457.jpg,28.91979027
image_458.jpg,31.09160042
image_459.jpg,1.332569122
image_46.jpg,20.18711472
image_460.jpg,36.26883698
image_461.jpg,41.71548462
image_462.jpg,60.28402328
image_463.jpg,12.4199791
image_464.jpg,1.757081032
image_465.jpg,80.34637451
image_466.jpg,37.82399368
image_467.jpg,79.78860474
image_468.jpg,63.32191849
image_469.jpg,49.48295212
image_47.jpg,76.09999847
image_470.jpg,24.06327438
image_471.jpg,34.77200699
image_472.jpg,52.99477768
image_473.jpg,18.16246605
image_474.jpg,43.75141525
image_475.jpg,25.08665848
image_476.jpg,77.06472015
image_477.jpg,26.16550636
image_478.jpg,1.40019834
image_479.jpg,1.400790572
image_48.jpg,26.52182961
image_480.jpg,39.61248779
image_481.jpg,28.05468178
image_482.jpg,64.41057587
image_483.jpg,23.25551605
image_484.jpg,9.885817528
image_485.jpg,65.40366364
image_486.jpg,41.04445648
image_487.jpg,7.155081749
image_488.jpg,34.69326019
image_489.jpg,65.83128357
image_49.jpg,4.786417484
image_490.jpg,12.72923851
image_491.jpg,58.74640656
image_492.jpg,77.98069763
image_493.jpg,63.64743423
image_494.jpg,16.30041504
image_495.jpg,50.41717529
image_496.jpg,28.01956749
image_497.jpg,19.58125877
image_498.jpg,22.20037079
image_499.jpg,43.94983292
image_5.jpg,64.77604675
image_50.jpg,45.47221756
image_500.jpg,2.941769838
image_501.jpg,77.4008255
image_502.jpg,78.50762177
image_503.jpg,39.14422989
image_504.jpg,30.80764961
image_505.jpg,59.71632004
image_506.jpg,36.31356812
image_507.jpg,15.3972826
image_508.jpg,47.69670486
image_509.jpg,52.11016083
image_51.jpg,27.86133766
image_510.jpg,81.14157867
image_511.jpg,19.72656822
image_512.jpg,47.77000427
image_513.jpg,0.772595644
image_514.jpg,22.58728981
image_515.jpg,18.98158455
image_516.jpg,56.18781662
image_517.jpg,23.75718498
image_518.jpg,3.75149107
image_519.jpg,69.34555817
image_52.jpg,30.35065651
image_520.jpg,1.628342509
image_521.jpg,5.649561882
image_522.jpg,86.62101746
image_523.jpg,61.15667343
image_524.jpg,28.03111458
image_525.jpg,28.10524559
image_526.jpg,13.96526051
image_527.jpg,60.26119614
image_528.jpg,43.88704681
image_529.jpg,39.68764496
image_53.jpg,41.84437943
image_530.jpg,67.67449188
image_531.jpg,53.79885483
image_532.jpg,45.14908218
image_533.jpg,16.97401237
image_534.jpg,35.90935516
image_535.jpg,53.50465775
image_536.jpg,29.99980545
image_537.jpg,38.79921341
image_538.jpg,29.30394554
image_539.jpg,43.8508606
image_54.jpg,9.228137016
image_540.jpg,48.96336746
image_541.jpg,66.50991821
image_542.jpg,9.903660774
image_543.jpg,47.47673416
image_544.jpg,58.68286896
image_545.jpg,9.816157341
image_546.jpg,66.46126556
image_547.jpg,27.11148834
image_548.jpg,12.73964977
image_549.jpg,36.87468338
image_55.jpg,32.70568848
image_550.jpg,78.91337585
image_551.jpg,76.75315094
image_552.jpg,31.28017998
image_553.jpg,38.72634125
image_554.jpg,47.03474045
image_555.jpg,78.12583923
image_556.jpg,4.424323082
image_557.jpg,67.0734024
image_558.jpg,38.5526886
image_559.jpg,62.5851326
image_56.jpg,46.1906395
image_560.jpg,53.22455215
image_561.jpg,53.62821198
image_562.jpg,27.5698185
image_563.jpg,57.10961533
image_564.jpg,5.76447916
image_565.jpg,44.53109741
image_566.jpg,17.54258347
image_567.jpg,68.84718323
image_568.jpg,35.30223083
image_569.jpg,5.451654434
image_57.jpg,36.17732239
image_570.jpg,12.42662334
image_571.jpg,25.42312813
image_572.jpg,52.66157913
image_573.jpg,23.33237839
image_574.jpg,58.72642899
image_575.jpg,28.57333946
image_576.jpg,40.54486465
image_577.jpg,43.10749054
image_578.jpg,47.63862228
image_579.jpg,72.88703156
image_58.jpg,6.816626072
image_580.jpg,74.78915405
image_581.jpg,43.82386398
image_582.jpg,79.64404297
image_583.jpg,11.95227623
image_584.jpg,59.76932907
image_585.jpg,26.99164963
image_586.jpg,53.68149567
image_587.jpg,50.0799675
image_588.jpg,66.96385193
image_589.jpg,50.51885223
image_59.jpg,55.51524734
image_590.jpg,24.62542915
image_591.jpg,60.69036484
image_592.jpg,65.9549942
image_593.jpg,31.30189705
image_594.jpg,74.04133606
image_595.jpg,33.03718948
image_596.jpg,50.86622238
image_597.jpg,61.18821716
image_598.jpg,56.78258896
image_599.jpg,67.3509903
image_6.jpg,13.04661751
image_60.jpg,33.7998848
image_600.jpg,32.816082
image_601.jpg,22.83312988
image_602.jpg,66.96427155
image_603.jpg,74.22943115
image_604.jpg,64.05106354
image_605.jpg,50.590065
image_606.jpg,10.21118546
image_607.jpg,45.83371735
image_608.jpg,51.94623566
image_609.jpg,39.76253128
image_61.jpg,43.77552414
image_610.jpg,29.72269249
image_611.jpg,58.71300125
image_612.jpg,12.86547089
image_613.jpg,74.03862762
image_614.jpg,32.21276093
image_615.jpg,49.55775833
image_616.jpg,43.15615463
image_617.jpg,60.16942215
image_618.jpg,60.59251022
image_619.jpg,29.10667229
image_62.jpg,18.71113586
image_620.jpg,9.443973541
image_621.jpg,28.83218002
image_622.jpg,25.20819664
image_623.jpg,11.6579361
image_624.jpg,11.20120716
image_625.jpg,77.60208893
image_626.jpg,0.985987902
image_627.jpg,62.01362991
image_628.jpg,10.29934406
image_629.jpg,44.47644806
image_63.jpg,50.75907898
image_630.jpg,51.10588455
image_631.jpg,2.101865768
image_632.jpg,27.32319069
image_633.jpg,40.79158401
image_634.jpg,23.86956215
image_635.jpg,22.81030083
image_636.jpg,38.40525436
image_637.jpg,25.67301369
image_638.jpg,53.89022446
image_639.jpg,34.59618759
image_64.jpg,25.10677147
image_640.jpg,37.47089386
image_641.jpg,27.66567421
image_642.jpg,33.64908218
image_643.jpg,1.05216074
image_644.jpg,11.92123127
image_645.jpg,71.22727203
image_646.jpg,77.03093719
image_647.jpg,80.47034454
image_648.jpg,25.51553917
image_649.jpg,26.91500282
image_65.jpg,31.25882339
image_650.jpg,1.603871226
image_651.jpg,40.37122345
image_652.jpg,48.63438034
image_653.jpg,35.81541061
image_654.jpg,7.603736401
image_655.jpg,41.85104752
image_656.jpg,50.5839653
image_657.jpg,66.50803375
image_658.jpg,25.51148796
image_659.jpg,3.482161999
image_66.jpg,62.11906052
image_660.jpg,5.452803135
image_661.jpg,75.84362793
image_662.jpg,25.5664978
image_663.jpg,22.58350754
image_664.jpg,24.51962662
image_665.jpg,23.59404945
image_666.jpg,15.35323143
image_667.jpg,56.59209824
image_668.jpg,52.44266891
image_669.jpg,43.26639938
image_67.jpg,30.97315025
image_670.jpg,20.68317795
image_671.jpg,30.65920067
image_672.jpg,30.63497543
image_673.jpg,60.86387253
image_674.jpg,67.2193222
image_675.jpg,2.020216942
image_676.jpg,13.23799706
image_677.jpg,84.82180023
image_678.jpg,59.70076752
image_679.jpg,18.62753677
image_68.jpg,60.12540054
image_680.jpg,15.08211899
image_681.jpg,39.01074219
image_682.jpg,34.10965347
image_683.jpg,58.27889633
image_684.jpg,35.75941849
image_685.jpg,51.52974701
image_686.jpg,65.83410645
image_687.jpg,28.31390953
image_688.jpg,50.51200485
image_689.jpg,57.63043594
image_69.jpg,30.42155647
image_690.jpg,35.79079056
image_691.jpg,19.13768578
image_692.jpg,61.6184845
image_693.jpg,64.19953156
image_694.jpg,34.16933823
image_695.jpg,6.51819849
image_696.jpg,45.34628677
image_697.jpg,29.22083092
image_698.jpg,79.11722565
image_699.jpg,52.87630844
image_7.jpg,62.81753159
image_70.jpg,7.867978096
image_700.jpg,9.238014221
image_701.jpg,25.00690269
image_702.jpg,21.60227013
image_703.jpg,51.79726028
image_704.jpg,32.87879562
image_705.jpg,78.38589478
image_706.jpg,31.37220764
image_707.jpg,3.008331776
image_708.jpg,22.44622803
image_709.jpg,8.962088585
image_71.jpg,36.1987915
image_710.jpg,12.12319851
image_711.jpg,69.0943985
image_712.jpg,59.49732208
image_713.jpg,37.80451965
image_714.jpg,71.63816071
image_715.jpg,63.61535645
image_716.jpg,7.861104012
image_717.jpg,67.08251953
image_718.jpg,24.51013374
image_719.jpg,25.72616768
image_72.jpg,23.80290413
image_720.jpg,57.0470314
image_721.jpg,60.08449936
image_722.jpg,13.85298061
image_723.jpg,40.57856369
image_724.jpg,29.34810066
image_725.jpg,30.56751823
image_726.jpg,35.0465889
image_727.jpg,50.93967819
image_728.jpg,40.15739059
image_729.jpg,19.46668243
image_73.jpg,58.71432877
image_730.jpg,29.70897484
image_731.jpg,60.32238388
image_732.jpg,18.93728447
image_733.jpg,28.37726784
image_734.jpg,72.14007568
image_735.jpg,25.53701019
image_736.jpg,40.11760712
image_737.jpg,20.48005676
image_738.jpg,26.63970757
image_739.jpg,69.9496994
image_74.jpg,13.3313942
image_740.jpg,37.53434753
image_741.jpg,3.103177547
image_742.jpg,53.43146896
image_743.jpg,41.81083679
image_744.jpg,39.10385132
image_745.jpg,63.47419739
image_746.jpg,18.16044807
image_747.jpg,60.45875931
image_748.jpg,12.4413929
image_749.jpg,53.9355011
image_75.jpg,2.005607843
image_750.jpg,24.29651451
image_751.jpg,9.741147041
image_752.jpg,29.82390785
image_753.jpg,24.92259598
image_754.jpg,37.88325119
image_755.jpg,74.39815521
image_756.jpg,59.20908356
image_757.jpg,9.140884399
image_758.jpg,39.65653992
image_759.jpg,25.86706352
image_76.jpg,59.14108658
image_760.jpg,44.46044159
image_761.jpg,30.98784065
image_762.jpg,43.59889984
image_763.jpg,61.83000565
image_764.jpg,26.88476753
image_765.jpg,53.93122482
image_766.jpg,40.10355377
image_767.jpg,45.76304626
image_768.jpg,33.15401459
image_769.jpg,68.39919281
image_77.jpg,6.307680607
image_770.jpg,48.35214615
image_771.jpg,9.752636909
image_772.jpg,80.58078003
image_773.jpg,26.52379608
image_774.jpg,36.76643372
image_775.jpg,48.80493927
image_776.jpg,17.64966774
image_777.jpg,60.49090195
image_778.jpg,14.33470726
image_779.jpg,51.94059753
image_78.jpg,87.60608673
image_780.jpg,25.17679787
image_781.jpg,30.13134766
image_782.jpg,16.18828011
image_783.jpg,0.82952404
image_784.jpg,30.64340401
image_785.jpg,53.32165146
image_786.jpg,55.37824249
image_787.jpg,61.60006714
image_788.jpg,74.77197266
image_789.jpg,69.47595215
image_79.jpg,39.26189423
image_790.jpg,41.52792358
image_791.jpg,55.13546753
image_792.jpg,25.59945679
image_793.jpg,31.04415512
image_794.jpg,5.830298424
image_795.jpg,0.753525615
image_796.jpg,29.0054512
image_797.jpg,80.52597046
image_798.jpg,61.32788467
image_799.jpg,10.79374599
image_8.jpg,30.45335197
image_80.jpg,24.41473198
image_800.jpg,67.88440704
image_801.jpg,53.45268631
image_802.jpg,65.75735474
image_803.jpg,29.59305191
image_804.jpg,26.19366455
image_805.jpg,29.07112503
image_806.jpg,20.59476089
image_807.jpg,35.6919632
image_808.jpg,62.91454697
image_809.jpg,73.4136734
image_81.jpg,73.59205627
image_810.jpg,8.573029518
image_811.jpg,53.98315811
image_812.jpg,64.63739777
image_813.jpg,9.895913124
image_814.jpg,36.3047905
image_815.jpg,11.08539677
image_816.jpg,38.34135056
image_817.jpg,42.22607803
image_818.jpg,62.77209091
image_819.jpg,70.85043335
image_82.jpg,60.63031006
image_820.jpg,29.92229271
image_821.jpg,49.89203262
image_822.jpg,12.12912655
image_823.jpg,57.38827133
image_824.jpg,44.20608521
image_825.jpg,10.93779182
image_826.jpg,60.17251205
image_827.jpg,43.93512344
image_828.jpg,42.76996994
image_829.jpg,31.69964218
image_83.jpg,19.70295715
image_830.jpg,2.256607056
image_831.jpg,3.251127481
image_832.jpg,19.8640213
image_833.jpg,1.32169044
image_834.jpg,77.64168549
image_835.jpg,7.135482788
image_836.jpg,26.0746212
image_837.jpg,3.118255138
image_838.jpg,56.90516281
image_839.jpg,6.194829464
image_84.jpg,54.74996567
image_840.jpg,7.185276508
image_841.jpg,54.78779984
image_842.jpg,27.59548378
image_843.jpg,66.97924805
image_844.jpg,37.4430809
image_845.jpg,15.87210655
image_846.jpg,1.867703676
image_847.jpg,1.385192633
image_848.jpg,47.18112564
image_849.jpg,35.06708908
image_85.jpg,3.753973484
image_850.jpg,26.82432747
image_851.jpg,41.88990784
image_852.jpg,67.32595062
image_853.jpg,25.56358719
image_854.jpg,60.97711563
image_855.jpg,41.58166504
image_856.jpg,38.96868896
image_857.jpg,66.85870361
image_858.jpg,26.60337448
image_859.jpg,39.89961624
image_86.jpg,13.43321896
image_860.jpg,57.56248474
image_861.jpg,19.15268517
image_862.jpg,10.40761662
image_863.jpg,48.39073563
image_864.jpg,14.45287037
image_865.jpg,17.44966316
image_866.jpg,38.52813339
image_867.jpg,78.83931732
image_868.jpg,48.21887207
image_869.jpg,48.85232162
image_87.jpg,53.05654526
image_870.jpg,28.37495232
image_871.jpg,42.95060349
image_872.jpg,72.48500061
image_873.jpg,84.1534729
image_874.jpg,49.82400894
image_875.jpg,61.06303024
image_876.jpg,34.17303848
image_877.jpg,14.44354153
image_878.jpg,31.15491104
image_879.jpg,34.13158417
image_88.jpg,86.08325958
image_880.jpg,57.77353668
image_881.jpg,74.60294342
image_882.jpg,52.35663605
image_883.jpg,82.34812164
image_884.jpg,59.19425964
image_885.jpg,58.03912735
image_886.jpg,30.51196861
image_887.jpg,31.34064293
image_888.jpg,27.32762909
image_889.jpg,26.84523201
image_89.jpg,12.08479881
image_890.jpg,67.12456512
image_891.jpg,29.23912621
image_892.jpg,33.24252319
image_893.jpg,31.48419952
image_894.jpg,33.73875427
image_895.jpg,48.20563889
image_896.jpg,1.310121536
image_897.jpg,26.766325
image_898.jpg,49.18968201
image_899.jpg,53.00352097
image_9.jpg,10.96110249
image_90.jpg,48.02308655
image_900.jpg,25.34431839
image_901.jpg,24.31848717
image_902.jpg,58.72313309
image_903.jpg,45.34676743
image_904.jpg,51.26942062
image_905.jpg,39.13461685
image_906.jpg,51.89224625
image_907.jpg,27.99245834
image_908.jpg,37.84050751
image_909.jpg,29.26227379
image_91.jpg,68.58074951
image_910.jpg,39.68481827
image_911.jpg,27.08016014
image_912.jpg,63.64173508
image_913.jpg,31.77297592
image_914.jpg,53.19878006
image_915.jpg,50.1991806
image_916.jpg,38.55092239
image_917.jpg,58.49705124
image_918.jpg,28.67632866
image_919.jpg,75.81313324
image_92.jpg,72.77547455
image_920.jpg,35.61568832
image_921.jpg,23.00237083
image_922.jpg,25.97223473
image_923.jpg,28.57412338
image_924.jpg,38.82413101
image_925.jpg,44.40908432
image_926.jpg,57.14236069
image_927.jpg,32.00875473
image_928.jpg,84.09399414
image_929.jpg,61.14731979
image_93.jpg,11.52939701
image_930.jpg,6.763317585
image_931.jpg,28.26256752
image_932.jpg,28.94527054
image_933.jpg,69.82711792
image_934.jpg,24.75470543
image_935.jpg,12.3221674
image_936.jpg,63.60810471
image_937.jpg,81.88240814
image_938.jpg,55.96271896
image_939.jpg,38.68629837
image_94.jpg,25.07346725
image_940.jpg,18.27189064
image_941.jpg,35.01006317
image_942.jpg,1.104999304
image_943.jpg,6.509272099
image_944.jpg,67.3806076
image_945.jpg,70.08402252
image_946.jpg,15.66736794
image_947.jpg,53.06528091
image_948.jpg,37.67844772
image_949.jpg,14.63507557
image_95.jpg,11.6696558
image_950.jpg,65.57932281
image_951.jpg,68.31505585
image_952.jpg,54.78171158
image_953.jpg,3.014449596
image_954.jpg,2.795918226
image_955.jpg,54.69596863
image_956.jpg,40.38818741
image_957.jpg,60.06773376
image_958.jpg,28.20402527
image_959.jpg,6.596199512
image_96.jpg,1.206570625
image_960.jpg,33.84973145
image_961.jpg,63.27280426
image_962.jpg,23.52917862
image_963.jpg,64.65691376
image_964.jpg,1.331111312
image_965.jpg,5.108820438
image_966.jpg,16.6823082
image_967.jpg,56.06733322
image_968.jpg,34.67767715
image_969.jpg,25.87694359
image_97.jpg,30.09649849
image_970.jpg,10.98442364
image_971.jpg,5.427293777
image_972.jpg,58.34539795
image_973.jpg,25.33598137
image_974.jpg,5.744557858
image_975.jpg,23.79031754
image_976.jpg,9.254826546
image_977.jpg,25.63694763
image_978.jpg,32.72753906
image_979.jpg,62.40619278
image_98.jpg,5.514054298
image_980.jpg,76.16530609
image_981.jpg,53.71229553
image_982.jpg,11.41027164
image_983.jpg,22.38647842
image_984.jpg,65.71331787
image_985.jpg,58.71311569
image_986.jpg,60.77500534
image_987.jpg,2.950006723
image_988.jpg,5.749493599
image_989.jpg,46.93074799
image_99.jpg,6.457299232
image_990.jpg,38.54920197
image_991.jpg,57.09711838
image_992.jpg,22.74061584
image_993.jpg,59.2412796
image_994.jpg,51.06105423
image_995.jpg,2.423456669
image_996.jpg,37.68289948
image_997.jpg,31.30235481
image_998.jpg,4.99795723
image_999.jpg,48.71834183
